,Error Rate,Completion Rate
Control,0.419918388,0.580081612
Test,0.32710211,0.67289789
